Workbook

Sheet Concepts
A1: Column1 | B1: Business Question: | C1: Function(s) you'll learn: | D1: Challenge for you…
A2: 1 | B2: Total Salary and headcount by department | C2: SUMIFS, COUNTIFS | D2: Permanent headcount
A3: 2 | B3: All employees with more than $100k salary | C3: FILTER
A4: 3 | B4: All female employees with more than $100k salary | C4: FILTER, * | D4: who joined in 2020 or after…
A5: 4 | B5: Lowest, highest and top 5 salary values | C5: MIN, MAX, LARGE, SORT + TAKE
A6: 5 | B6: List of all departments | C6: UNIQUE, COUNTA, # | D6: All depts in one cell, comma seperated
A7: 6 | B7: Employee details lookup | C7: VLOOKUP, INDEX + MATCH
A8: 7 | B8: Employee details lookup | C8: XLOOKUP, IFERROR | D8: Find all employees with 120,000 salary
A9: 8 | B9: Complex formula: Highest salary person | C9: XLOOKUP + MAX
A10: 9 | B10: Complex formula: All employees joined in March | C10: FILTER + MONTH | D10: Female employees with Monday start
A11: 10 | B11: Complex formula: Department report of headcounts, salaries and % diff from overall average | C11: UNIQUE, SUMIFS, COUNTIFS, #, CONDITIONAL FORMATTING | D11: Calculate Median Salary and Female Ratio

Sheet Data
A1: Emp ID | B1: First Name | C1: Last Name | D1: Gender | E1: Department | F1: Salary | G1: Salary Bucket | H1: Start Date | I1: FTE | J1: Employee type | K1: Work location | L1: Tenure | M1: Work Type
A2: PR00007 | B2: Torrance | C2: Collier | D2: Female | E2: Training | F2: 96135.75 | G2: 50k to 100k | H2: 44025 | I2: 0.3 | J2: Permanent | K2: Wellington, New Zealand | L2: 3.9424658 | M2: Part time
A3: PR00095 | B3: Devrat | C3: Damarsingh | D3: Female | E3: Business Development | F3: 70649.46 | G3: 50k to 100k | H3: 43843 | I3: 1 | J3: Permanent | K3: Hyderabad, India | L3: 4.4410959 | M3: Full time
A4: PR00113 | B4: Van | C4: Tuxwell | D4: Female | E4: Business Development | F4: 80695.74 | G4: 50k to 100k | H4: 43360 | I4: 1 | J4: Permanent | K4: Columbus, USA | L4: 5.7643836 | M4: Full time
A5: PR00113 | B5: Van | C5: Tuxwell | D5: Female | E5: Business Development | F5: 80695.74 | G5: 50k to 100k | H5: 43360 | I5: 1 | J5: Permanent | K5: Columbus, USA | L5: 5.7643836 | M5: Full time
A6: PR00147 | B6: Minerva | C6: Ricardot | D6: Male | E6: Engineering | F6: 120000 | G6: Above 100k | H6: 43416 | I6: 1 | J6: Permanent | K6: Remote | L6: 5.6109589 | M6: Full time
A7: PR00246 | B7: Husein | C7: Augar | D7: Female | E7: Marketing | F7: 67905.8 | G7: 50k to 100k | H7: 44194 | I7: 1 | J7: Permanent | K7: Remote | L7: 3.4794521 | M7: Full time
A8: PR00419 | B8: Billi | C8: Fellgate | D8: Female | E8: Business Development | F8: 68980.52 | G8: 50k to 100k | H8: 43494 | I8: 0.8 | J8: Permanent | K8: Remote | L8: 5.3972603 | M8: Part time
A9: PR00576 | B9: Lalitchandra | C9: Vadali | D9: Female | E9: Legal | F9: 63705.4 | G9: 50k to 100k | H9: 43682 | I9: 1 | J9: Permanent | K9: Hyderabad, India | L9: 4.8821918 | M9: Full time
A10: PR00746 | B10: Hogan | C10: Iles | D10: Female | E10: Accounting | F10: 114177.23 | G10: Above 100k | H10: 43908 | I10: 1 | J10: Permanent | K10: Wellington, New Zealand | L10: 4.2630137 | M10: Full time
A11: PR00770 | B11: Beryl | C11: Burnsyde | D11: Male | E11: Legal | F11: 29774.76 | G11: Under 50k | H11: 44105 | I11: 1 | J11: Permanent | K11: Wellington, New Zealand | L11: 3.7232877 | M11: Full time
A12: PR00882 | B12: Jill | C12: Shipsey | D12: Male | E12: Accounting | F12: 52963.65 | G12: 50k to 100k | H12: 44288 | I12: 0.3 | J12: Permanent | K12: Columbus, USA | L12: 3.2219178 | M12: Part time
A13: PR00893 | B13: Vasavi | C13: Veeravasarapu | D13: Male | E13: Human Resources | F13: 50310.09 | G13: 50k to 100k | H13: 44285 | I13: 0.4 | J13: Permanent | K13: Hyderabad, India | L13: 3.230137 | M13: Part time
... A261: VT04984 | B261: Dell | C261: Molloy | D261: Male | E261: Engineering | F261: 47362.62 | G261: Under 50k | H261: 43973 | I261: 1 | J261: Temporary | K261: Remote | L261: 4.0849315 | M261: Full time

Sheet Count,Sum,Avg ifs
A1: Department | B1: Headcount | C1: Total Salary | D1: Average Salary | E1: Permanent Count
A2: Training | B2: =COUNTIFS(Data!$E$2:$E$261,A2) -> 24 | C2: =SUMIFS(Data!$F$2:$F$261,Data!$E$2:$E$261,A2) -> 2013215.2 | D2: =AVERAGEIFS(staff[Salary],staff[Department],A2) -> 83883.965 | E2: =COUNTIFS(staff[Department], A2, staff[Employee type], "Permanent") -> 11
A3: Business Development | B3: =COUNTIFS(Data!$E$2:$E$261,A3) -> 26 | C3: =SUMIFS(Data!$F$2:$F$261,Data!$E$2:$E$261,A3) -> 2074327 | D3: =AVERAGEIFS(staff[Salary],staff[Department],A3) -> 79781.806 | E3: =COUNTIFS(staff[Department], A3, staff[Employee type], "Permanent") -> 18
A4: Engineering | B4: =COUNTIFS(Data!$E$2:$E$261,A4) -> 26 | C4: =SUMIFS(Data!$F$2:$F$261,Data!$E$2:$E$261,A4) -> 2131387.5 | D4: =AVERAGEIFS(staff[Salary],staff[Department],A4) -> 81976.442 | E4: =COUNTIFS(staff[Department], A4, staff[Employee type], "Permanent") -> 16
A5: Marketing | B5: =COUNTIFS(Data!$E$2:$E$261,A5) -> 12 | C5: =SUMIFS(Data!$F$2:$F$261,Data!$E$2:$E$261,A5) -> 773295.6 | D5: =AVERAGEIFS(staff[Salary],staff[Department],A5) -> 64441.3 | E5: =COUNTIFS(staff[Department], A5, staff[Employee type], "Permanent") -> 9
A6: Legal | B6: =COUNTIFS(Data!$E$2:$E$261,A6) -> 21 | C6: =SUMIFS(Data!$F$2:$F$261,Data!$E$2:$E$261,A6) -> 1412092.9 | D6: =AVERAGEIFS(staff[Salary],staff[Department],A6) -> 67242.518 | E6: =COUNTIFS(staff[Department], A6, staff[Employee type], "Permanent") -> 13
A7: Accounting | B7: =COUNTIFS(Data!$E$2:$E$261,A7) -> 26 | C7: =SUMIFS(Data!$F$2:$F$261,Data!$E$2:$E$261,A7) -> 1814980.6 | D7: =AVERAGEIFS(staff[Salary],staff[Department],A7) -> 69806.946 | E7: =COUNTIFS(staff[Department], A7, staff[Employee type], "Permanent") -> 18
A8: Human Resources | B8: =COUNTIFS(Data!$E$2:$E$261,A8) -> 22 | C8: =SUMIFS(Data!$F$2:$F$261,Data!$E$2:$E$261,A8) -> 1608406.3 | D8: =AVERAGEIFS(staff[Salary],staff[Department],A8) -> 73109.378 | E8: =COUNTIFS(staff[Department], A8, staff[Employee type], "Permanent") -> 13
A9: Research and Development | B9: =COUNTIFS(Data!$E$2:$E$261,A9) -> 18 | C9: =SUMIFS(Data!$F$2:$F$261,Data!$E$2:$E$261,A9) -> 1204393.8 | D9: =AVERAGEIFS(staff[Salary],staff[Department],A9) -> 66910.766 | E9: =COUNTIFS(staff[Department], A9, staff[Employee type], "Permanent") -> 11
A10: Services | B10: =COUNTIFS(Data!$E$2:$E$261,A10) -> 21 | C10: =SUMIFS(Data!$F$2:$F$261,Data!$E$2:$E$261,A10) -> 1568153.5 | D10: =AVERAGEIFS(staff[Salary],staff[Department],A10) -> 74673.975 | E10: =COUNTIFS(staff[Department], A10, staff[Employee type], "Permanent") -> 16
A11: Product Management | B11: =COUNTIFS(Data!$E$2:$E$261,A11) -> 29 | C11: =SUMIFS(Data!$F$2:$F$261,Data!$E$2:$E$261,A11) -> 2180192.9 | D11: =AVERAGEIFS(staff[Salary],staff[Department],A11) -> 75179.064 | E11: =COUNTIFS(staff[Department], A11, staff[Employee type], "Permanent") -> 19
A12: Support | B12: =COUNTIFS(Data!$E$2:$E$261,A12) -> 17 | C12: =SUMIFS(Data!$F$2:$F$261,Data!$E$2:$E$261,A12) -> 1129351.8 | D12: =AVERAGEIFS(staff[Salary],staff[Department],A12) -> 66432.456 | E12: =COUNTIFS(staff[Department], A12, staff[Employee type], "Permanent") -> 11
A13: Sales | B13: =COUNTIFS(Data!$E$2:$E$261,A13) -> 18 | C13: =SUMIFS(Data!$F$2:$F$261,Data!$E$2:$E$261,A13) -> 1294147.7 | D13: =AVERAGEIFS(staff[Salary],staff[Department],A13) -> 71897.096 | E13: =COUNTIFS(staff[Department], A13, staff[Employee type], "Permanent") -> 13

Sheet Min,Max,Large
C5: Attributes | D5: All Employees | E5: Male | F5: Female
C6: Lowest Salary | D6: =MIN(staff[Salary]) -> 28160.79 | E6: =_xlfn.MINIFS(staff[Salary],staff[Gender], "Male") -> 28160.79 | F6: =_xlfn.MINIFS(staff[Salary],staff[Gender], "Female") -> 28305.08
C7: Highest Salary | D7: =MAX(staff[Salary]) -> 120000 | E7: =_xlfn.MAXIFS(staff[Salary],staff[Gender], "Male") -> 120000 | F7: =_xlfn.MAXIFS(staff[Salary],staff[Gender], "Female") -> 120000
C8: Top 3 Salary | D8: =LARGE(staff[Salary],1) -> 120000
D9: =LARGE(staff[Salary],2) -> 120000
D10: =LARGE(staff[Salary],3) -> 119022.49

Sheet VLOOKUP, MATCH, INDEX
C3: Employee LOOKUP
C6: Employee ID | D6: PR04446
C8: First Name | D8: =VLOOKUP(D6,staff[],2,FALSE) -> Sameer
C9: Last Name | D9: =VLOOKUP(D6,staff[],3,FALSE) -> Shashank
C10: Department | D10: =VLOOKUP(D6,staff[],5,FALSE) -> Research and Development
C11: Salary | D11: =VLOOKUP(D6,staff[],6,FALSE) -> 92336.08
C14: Last Name | D14: Augar
C15: Row number (match) | D15: =MATCH(D14,staff[Last Name],0) -> 6
C16: Employee id | D16: =INDEX(staff[Emp ID],D15) -> PR00246
C17: Department | D17: =INDEX(staff[Department],D15) -> Marketing
C18: Salary | D18: =INDEX(staff[Salary],D15) -> 67905.8
